/People-Groups/Callie/index.{html} /People-Groups/Callie/
/People-Groups/Vorgal-Telsteg/index.{html} /People-Groups/Vorgal-Telsteg/
/Sessions/Session-20-Into-the-Mines...-Again/index.{html} /Sessions/Session-20-Into-the-Mines...-Again/
/Sessions/Session-6-Look-we-Killed-a-Hag/index.{html} /Sessions/Session-6-Look-we-Killed-a-Hag/
/Meta-Stuff/Open-Questions/index.{html} /Meta-Stuff/Open-Questions/
/Monsters-Foes/Mikonoids/index.{html} /Monsters-Foes/Mikonoids/
/People-Groups/Cecilia-Wolfwalker/index.{html} /People-Groups/Cecilia-Wolfwalker/
/Sessions/Session-1-Mysterious-Shadow-Murders/index.{html} /Sessions/Session-1-Mysterious-Shadow-Murders/
/Sessions/Session-12-Corruption-in-the-Ankheg-Kingdom/index.{html} /Sessions/Session-12-Corruption-in-the-Ankheg-Kingdom/
/Sessions/Session-21-Shit-is-Getting-Weirder/index.{html} /Sessions/Session-21-Shit-is-Getting-Weirder/
/Items/Whitestone/index.{html} /Items/Whitestone/
/Monsters-Foes/Blights/index.{html} /Monsters-Foes/Blights/
/Monsters-Foes/Drowned-Maiden/index.{html} /Monsters-Foes/Drowned-Maiden/
/People-Groups/Avandra-the-Changebringer/index.{html} /People-Groups/Avandra-the-Changebringer/
/People-Groups/Sammy-Cordison/index.{html} /People-Groups/Sammy-Cordison/
/People-Groups/Sandit/index.{html} /People-Groups/Sandit/
/Sessions/Session-18-Meet-the-Family/index.{html} /Sessions/Session-18-Meet-the-Family/
/Sessions/Session-22-What-the-Hell-Did-We-Just-Fight/index.{html} /Sessions/Session-22-What-the-Hell-Did-We-Just-Fight/
/The-Bean-Bois/Sealion/index.{html} /The-Bean-Bois/Sealion/
/Items/Giantslayer-Axe/index.{html} /Items/Giantslayer-Axe/
/Meta-Stuff/Open-Questions-and-Quests/index.{html} /Meta-Stuff/Open-Questions-and-Quests/
/People-Groups/Ithil-Caerdonel/index.{html} /People-Groups/Ithil-Caerdonel/
/People-Groups/Melvin/index.{html} /People-Groups/Melvin/
/Spells/Fire-Bolt/index.{html} /Spells/Fire-Bolt/
/Spells/Shield/index.{html} /Spells/Shield/
/Places/Wolfsglenn/index.{html} /Places/Wolfsglenn/
/Items/Immovable-Rod/index.{html} /Items/Immovable-Rod/
/Items/Ring-of-Spell-Storing/index.{html} /Items/Ring-of-Spell-Storing/
/Monsters-Foes/Chainbreaker/index.{html} /Monsters-Foes/Chainbreaker/
/People-Groups/Asher-Whispwalker/index.{html} /People-Groups/Asher-Whispwalker/
/People-Groups/Indries-Iselda/index.{html} /People-Groups/Indries-Iselda/
/People-Groups/Milton-Derstip/index.{html} /People-Groups/Milton-Derstip/
/Places/Pinns-Inn/index.{html} /Places/Pinns-Inn/
/Sessions/Session-16-The-Lorekeepers-Son/index.{html} /Sessions/Session-16-The-Lorekeepers-Son/
/Sessions/Session-7-Still-Somethings-Amiss-in-Wolfsglenn/index.{html} /Sessions/Session-7-Still-Somethings-Amiss-in-Wolfsglenn/
/Spells/Find-Familiar/index.{html} /Spells/Find-Familiar/
/Monsters-Foes/Aboleth/index.{html} /Monsters-Foes/Aboleth/
/Monsters-Foes/Horned-Devil/index.{html} /Monsters-Foes/Horned-Devil/
/Monsters-Foes/Shadow/index.{html} /Monsters-Foes/Shadow/
/People-Groups/Erama/index.{html} /People-Groups/Erama/
/Places/Dungeons-Delight/index.{html} /Places/Dungeons-Delight/
/Spells/Fly/index.{html} /Spells/Fly/
/Items/Bag-of-Tricks/index.{html} /Items/Bag-of-Tricks/
/Items/Ioun-Stone-of-Leadership/index.{html} /Items/Ioun-Stone-of-Leadership/
/People-Groups/Enren-EIllir/index.{html} /People-Groups/Enren-EIllir/
/People-Groups/Stefan/index.{html} /People-Groups/Stefan/
/People-Groups/Syrja/index.{html} /People-Groups/Syrja/
/Sessions/Session-10-Down-Down-and-Further-Down/index.{html} /Sessions/Session-10-Down-Down-and-Further-Down/
/The-Bean-Bois/Heilar/index.{html} /The-Bean-Bois/Heilar/
/Items/Fates-Grip/index.{html} /Items/Fates-Grip/
/Places/Hupperdook/index.{html} /Places/Hupperdook/
/Places/Zadash/index.{html} /Places/Zadash/
/Spells/Mage-Hand/index.{html} /Spells/Mage-Hand/
/Items/Deck-of-Illusions/index.{html} /Items/Deck-of-Illusions/
/Meta-Stuff/Inventory/index.{html} /Meta-Stuff/Inventory/
/People-Groups/Cleff-Shorkrus/index.{html} /People-Groups/Cleff-Shorkrus/
/People-Groups/Gormon/index.{html} /People-Groups/Gormon/
/Spells/Sending/index.{html} /Spells/Sending/
/Items/Anti-Magic-Manacles/index.{html} /Items/Anti-Magic-Manacles/
/Items/Ring-of-Mind-Shielding/index.{html} /Items/Ring-of-Mind-Shielding/
/Sessions/Session-24-Mischievous-Missions-for-Santa-Clause/index.{html} /Sessions/Session-24-Mischievous-Missions-for-Santa-Clause/
/Spells/Frostbite/index.{html} /Spells/Frostbite/
/Spells/Ice-Knife/index.{html} /Spells/Ice-Knife/
/Spells/Minor-Illusion/index.{html} /Spells/Minor-Illusion/
/Monsters-Foes/Rakshasa/index.{html} /Monsters-Foes/Rakshasa/
/Monsters-Foes/Water-Elementals/index.{html} /Monsters-Foes/Water-Elementals/
/People-Groups/Lionel-Roseseeker/index.{html} /People-Groups/Lionel-Roseseeker/
/People-Groups/Lyra-and-Fhaonik-Eillir/index.{html} /People-Groups/Lyra-and-Fhaonik-Eillir/
/Monsters-Foes/Roc/index.{html} /Monsters-Foes/Roc/
/Sessions/Session-11-There-is-Whitestone-at-the-Bottom-of-it-All/index.{html} /Sessions/Session-11-There-is-Whitestone-at-the-Bottom-of-it-All/
/Sessions/Session-13-Swamp-Connections/index.{html} /Sessions/Session-13-Swamp-Connections/
/Spells/Identify/index.{html} /Spells/Identify/
/The-Bean-Bois/Asurak/index.{html} /The-Bean-Bois/Asurak/
/Monsters-Foes/Phase-Spiders/index.{html} /Monsters-Foes/Phase-Spiders/
/People-Groups/Moira-Waal/index.{html} /People-Groups/Moira-Waal/
/Places/Herathis-Mines/index.{html} /Places/Herathis-Mines/
/Places/Kaisers-Crown/index.{html} /Places/Kaisers-Crown/
/People-Groups/Steve/index.{html} /People-Groups/Steve/
/Sessions/Session-8-We-Knew-Cleff-Had-Something-To-Do-With-It/index.{html} /Sessions/Session-8-We-Knew-Cleff-Had-Something-To-Do-With-It/
/Monsters-Foes/Hag/index.{html} /Monsters-Foes/Hag/
/People-Groups/Cobalt-Soul/index.{html} /People-Groups/Cobalt-Soul/
/People-Groups/Gustaf/index.{html} /People-Groups/Gustaf/
/People-Groups/Liza-Vorn/index.{html} /People-Groups/Liza-Vorn/
/Places/Coals-Row-Tavern-and-Backery/index.{html} /Places/Coals-Row-Tavern-and-Backery/
/Spells/Hideous-Laughter/index.{html} /Spells/Hideous-Laughter/
/index.html /
/Spells/Tashas-Mind-Whip/index.{html} /Spells/Tashas-Mind-Whip/
/People-Groups/Check-Chheu/index.{html} /People-Groups/Check-Chheu/
/People-Groups/Deter-McGinneas/index.{html} /People-Groups/Deter-McGinneas/
/People-Groups/Emmet-Anslim/index.{html} /People-Groups/Emmet-Anslim/
/People-Groups/Numbra-Kelvaris/index.{html} /People-Groups/Numbra-Kelvaris/
/Places/Heilars-Village/index.{html} /Places/Heilars-Village/
/Sessions/Session-19-Deastok-Deeds-and-Misdeeds/index.{html} /Sessions/Session-19-Deastok-Deeds-and-Misdeeds/
/Spells/Message/index.{html} /Spells/Message/
/People-Groups/Ioun/index.{html} /People-Groups/Ioun/
/Places/Boars-Head/index.{html} /Places/Boars-Head/
/Places/Potions-Lotions/index.{html} /Places/Potions-Lotions/
/Places/TalDorei/index.{html} /Places/TalDorei/
/Monsters-Foes/Oblex/index.{html} /Monsters-Foes/Oblex/
/The-Bean-Bois/Davaelor/index.{html} /The-Bean-Bois/Davaelor/
/Items/Hat-of-Transformation/index.{html} /Items/Hat-of-Transformation/
/Items/Potion-of-Water-Breathing/index.{html} /Items/Potion-of-Water-Breathing/
/People-Groups/Trent/index.{html} /People-Groups/Trent/
/Spells/Counterspell/index.{html} /Spells/Counterspell/
/Spells/Mage-Armor/index.{html} /Spells/Mage-Armor/
/The-Bean-Bois/Ruby/index.{html} /The-Bean-Bois/Ruby/
/Places/Rexxentrum/index.{html} /Places/Rexxentrum/
/Sessions/Session-5-Into-the-Woods/index.{html} /Sessions/Session-5-Into-the-Woods/
/Spells/Detect-Thoughts/index.{html} /Spells/Detect-Thoughts/
/People-Groups/Alma/index.{html} /People-Groups/Alma/
/Places/Deastok/index.{html} /Places/Deastok/
/Places/Golden-Crest/index.{html} /Places/Golden-Crest/
/Places/Kryn-Dynasty/index.{html} /Places/Kryn-Dynasty/
/Places/Tooth-Nail/index.{html} /Places/Tooth-Nail/
/People-Groups/Captain-Algar/index.{html} /People-Groups/Captain-Algar/
/People-Groups/Federation-of-Finders/index.{html} /People-Groups/Federation-of-Finders/
/People-Groups/Irvin-Grey/index.{html} /People-Groups/Irvin-Grey/
/Sessions/Session-14-Home-Weird-Home/index.{html} /Sessions/Session-14-Home-Weird-Home/
/Sessions/Session-15-Dream-a-Little-Dream-of-Death/index.{html} /Sessions/Session-15-Dream-a-Little-Dream-of-Death/
/Spells/Tiny-Hut/index.{html} /Spells/Tiny-Hut/
/The-Bean-Bois/Tia/index.{html} /The-Bean-Bois/Tia/
/Items/Elixir-of-Health/index.{html} /Items/Elixir-of-Health/
/Items/Map-of-Roseseekers-Forest/index.{html} /Items/Map-of-Roseseekers-Forest/
/Monsters-Foes/Darkmantle/index.{html} /Monsters-Foes/Darkmantle/
/Monsters-Foes/Flesh-Golem/index.{html} /Monsters-Foes/Flesh-Golem/
/People-Groups/Oland-Kelvaris/index.{html} /People-Groups/Oland-Kelvaris/
/Spells/Haste/index.{html} /Spells/Haste/
/Spells/Mind-Sliver/index.{html} /Spells/Mind-Sliver/
/Sessions/Session-9-Lets-Fight-Some-Ankhegs/index.{html} /Sessions/Session-9-Lets-Fight-Some-Ankhegs/
/The-Bean-Bois/Avaaros/index.{html} /The-Bean-Bois/Avaaros/
/The-Bean-Bois/Runa/index.{html} /The-Bean-Bois/Runa/
/Monsters-Foes/Lamia/index.{html} /Monsters-Foes/Lamia/
/Spells/Comprehend-Languages/index.{html} /Spells/Comprehend-Languages/
/The-Bean-Bois/Reznak/index.{html} /The-Bean-Bois/Reznak/
/Items/Keoghtoms-Ointment/index.{html} /Items/Keoghtoms-Ointment/
/People-Groups/Gila-Tolmack/index.{html} /People-Groups/Gila-Tolmack/
/Places/Cyrengreen-Forest/index.{html} /Places/Cyrengreen-Forest/
/Sessions/Session-17-How-to-Lose-Your-Wizard/index.{html} /Sessions/Session-17-How-to-Lose-Your-Wizard/
/Sessions/Session-23-Lost-Souls/index.{html} /Sessions/Session-23-Lost-Souls/
/Items/Bag-of-Beans/index.{html} /Items/Bag-of-Beans/
/Meta-Stuff/Spells-Overview/index.{html} /Meta-Stuff/Spells-Overview/
/Monsters-Foes/Roper/index.{html} /Monsters-Foes/Roper/
/People-Groups/Isandra-Caerdonel/index.{html} /People-Groups/Isandra-Caerdonel/
/People-Groups/Raven-Queen/index.{html} /People-Groups/Raven-Queen/
/Sessions/Session-4-Creepy-Children-Conundrum-Pt.-2/index.{html} /Sessions/Session-4-Creepy-Children-Conundrum-Pt.-2/
/Spells/Suggestion/index.{html} /Spells/Suggestion/
/Monsters-Foes/Ankhegs/index.{html} /Monsters-Foes/Ankhegs/
/People-Groups/Haldir-Caerdonel/index.{html} /People-Groups/Haldir-Caerdonel/
/People-Groups/Henry/index.{html} /People-Groups/Henry/
/People-Groups/Zara-Crannock/index.{html} /People-Groups/Zara-Crannock/
/Sessions/Session-25-Breaking-Entering-for-a-Good-Clause/index.{html} /Sessions/Session-25-Breaking-Entering-for-a-Good-Clause/
/Sessions/Session-3-Creepy-Children-Conundrum-Pt.-1/index.{html} /Sessions/Session-3-Creepy-Children-Conundrum-Pt.-1/
/Spells/Magic-Missile/index.{html} /Spells/Magic-Missile/
/Items/Book-of-Fairy-Tales/index.{html} /Items/Book-of-Fairy-Tales/
/Meta-Stuff/House-Rules/index.{html} /Meta-Stuff/House-Rules/
/People-Groups/Jonas/index.{html} /People-Groups/Jonas/
/People-Groups/Thiobait-Dup/index.{html} /People-Groups/Thiobait-Dup/
/Places/Golden-Comb-Tavern-Inn/index.{html} /Places/Golden-Comb-Tavern-Inn/
/Items/Berserkers-Axe/index.{html} /Items/Berserkers-Axe/
/Items/Gauntlets-of-Ogre-Power/index.{html} /Items/Gauntlets-of-Ogre-Power/
/People-Groups/Lord-Roseseeker/index.{html} /People-Groups/Lord-Roseseeker/
/People-Groups/Rima-Pur/index.{html} /People-Groups/Rima-Pur/
/Places/Silver-Hatchet/index.{html} /Places/Silver-Hatchet/
/Spells/Sleep/index.{html} /Spells/Sleep/
/Meta-Stuff/Campaign-Overview/index.{html} /Meta-Stuff/Campaign-Overview/
/People-Groups/Jonathan-Whispwalker/index.{html} /People-Groups/Jonathan-Whispwalker/
/Places/Dwendalian-Empire/index.{html} /Places/Dwendalian-Empire/
/Places/Spellbound/index.{html} /Places/Spellbound/
/Sessions/Session-2-Where-Have-All-the-Children-Gone/index.{html} /Sessions/Session-2-Where-Have-All-the-Children-Gone/
/Spells/Disguise-Self/index.{html} /Spells/Disguise-Self/
/Spells/Enlarge-Reduce/index.{html} /Spells/Enlarge-Reduce/
